date,zika_unscaled,zika_monthly,isPartial,scale,zika
2015-05-01,0,,,,
2015-05-02,0,,,,
2015-05-03,0,0.0,False,0.0,0.0
2015-05-04,0,0.0,,0.0,0.0
2015-05-05,0,0.0,,0.0,0.0
2015-05-06,0,0.0,,0.0,0.0
2015-05-07,0,0.0,,0.0,0.0
2015-05-08,0,0.0,,0.0,0.0
2015-05-09,0,0.0,,0.0,0.0
2015-05-10,0,3.0,False,0.03,0.0
2015-05-11,0,3.0,,0.03,0.0
2015-05-12,0,3.0,,0.03,0.0
2015-05-13,0,3.0,,0.03,0.0
2015-05-14,0,3.0,,0.03,0.0
2015-05-15,82,3.0,,0.03,2.46
2015-05-16,100,3.0,,0.03,3.0
2015-05-17,0,0.0,False,0.0,0.0
2015-05-18,0,0.0,,0.0,0.0
2015-05-19,0,0.0,,0.0,0.0
2015-05-20,0,0.0,,0.0,0.0
2015-05-21,0,0.0,,0.0,0.0
2015-05-22,0,0.0,,0.0,0.0
2015-05-23,0,0.0,,0.0,0.0
2015-05-24,0,0.0,False,0.0,0.0
2015-05-25,0,0.0,,0.0,0.0
2015-05-26,0,0.0,,0.0,0.0
2015-05-27,0,0.0,,0.0,0.0
2015-05-28,0,0.0,,0.0,0.0
2015-05-29,0,0.0,,0.0,0.0
2015-05-30,0,0.0,,0.0,0.0
2015-05-31,0,3.0,False,0.03,0.0
2015-06-01,0,3.0,,0.03,0.0
2015-06-02,0,3.0,,0.03,0.0
2015-06-03,0,3.0,,0.03,0.0
2015-06-04,0,3.0,,0.03,0.0
2015-06-05,0,3.0,,0.03,0.0
2015-06-06,81,3.0,,0.03,2.4299999999999997
2015-06-07,0,10.0,False,0.1,0.0
2015-06-08,79,10.0,,0.1,7.9
2015-06-09,0,10.0,,0.1,0.0
2015-06-10,100,10.0,,0.1,10.0
2015-06-11,35,10.0,,0.1,3.5
2015-06-12,36,10.0,,0.1,3.6
2015-06-13,0,10.0,,0.1,0.0
2015-06-14,50,5.0,False,0.05,2.5
2015-06-15,0,5.0,,0.05,0.0
2015-06-16,36,5.0,,0.05,1.8
2015-06-17,34,5.0,,0.05,1.7000000000000002
2015-06-18,0,5.0,,0.05,0.0
2015-06-19,0,5.0,,0.05,0.0
2015-06-20,0,5.0,,0.05,0.0
2015-06-21,0,2.0,False,0.02,0.0
2015-06-22,0,2.0,,0.02,0.0
2015-06-23,0,2.0,,0.02,0.0
2015-06-24,37,2.0,,0.02,0.74
2015-06-25,0,2.0,,0.02,0.0
2015-06-26,0,2.0,,0.02,0.0
2015-06-27,0,2.0,,0.02,0.0
2015-06-28,0,2.0,False,0.02,0.0
2015-06-29,0,2.0,,0.02,0.0
2015-06-30,38,2.0,,0.02,0.76
2015-07-01,0,2.0,,0.02,0.0
2015-07-02,0,2.0,,0.02,0.0
2015-07-03,0,2.0,,0.02,0.0
2015-07-04,0,2.0,,0.02,0.0
2015-07-05,0,0.0,False,0.0,0.0
2015-07-06,0,0.0,,0.0,0.0
2015-07-07,0,0.0,,0.0,0.0
2015-07-08,0,0.0,,0.0,0.0
2015-07-09,0,0.0,,0.0,0.0
2015-07-10,0,0.0,,0.0,0.0
2015-07-11,0,0.0,,0.0,0.0
2015-07-12,0,0.0,False,0.0,0.0
2015-07-13,0,0.0,,0.0,0.0
2015-07-14,0,0.0,,0.0,0.0
2015-07-15,0,0.0,,0.0,0.0
2015-07-16,0,0.0,,0.0,0.0
2015-07-17,0,0.0,,0.0,0.0
2015-07-18,0,0.0,,0.0,0.0
2015-07-19,0,2.0,False,0.02,0.0
2015-07-20,0,2.0,,0.02,0.0
2015-07-21,0,2.0,,0.02,0.0
2015-07-22,0,2.0,,0.02,0.0
2015-07-23,0,2.0,,0.02,0.0
2015-07-24,100,2.0,,0.02,2.0
2015-07-25,0,2.0,,0.02,0.0
2015-07-26,0,0.0,False,0.0,0.0
2015-07-27,0,0.0,,0.0,0.0
2015-07-28,0,0.0,,0.0,0.0
2015-07-29,0,0.0,,0.0,0.0
2015-07-30,0,0.0,,0.0,0.0
2015-07-31,0,0.0,,0.0,0.0
2015-08-01,0,0.0,,0.0,0.0
2015-08-02,0,0.0,False,0.0,0.0
2015-08-03,0,0.0,,0.0,0.0
2015-08-04,0,0.0,,0.0,0.0
2015-08-05,0,0.0,,0.0,0.0
2015-08-06,0,0.0,,0.0,0.0
2015-08-07,0,0.0,,0.0,0.0
2015-08-08,0,0.0,,0.0,0.0
2015-08-09,0,0.0,False,0.0,0.0
2015-08-10,0,0.0,,0.0,0.0
2015-08-11,0,0.0,,0.0,0.0
2015-08-12,0,0.0,,0.0,0.0
2015-08-13,0,0.0,,0.0,0.0
2015-08-14,0,0.0,,0.0,0.0
2015-08-15,0,0.0,,0.0,0.0
2015-08-16,0,0.0,False,0.0,0.0
2015-08-17,0,0.0,,0.0,0.0
2015-08-18,0,0.0,,0.0,0.0
2015-08-19,0,0.0,,0.0,0.0
2015-08-20,0,0.0,,0.0,0.0
2015-08-21,0,0.0,,0.0,0.0
2015-08-22,0,0.0,,0.0,0.0
2015-08-23,0,1.0,False,0.01,0.0
2015-08-24,0,1.0,,0.01,0.0
2015-08-25,100,1.0,,0.01,1.0
2015-08-26,0,1.0,,0.01,0.0
2015-08-27,0,1.0,,0.01,0.0
2015-08-28,0,1.0,,0.01,0.0
2015-08-29,0,1.0,,0.01,0.0
2015-08-30,0,0.0,False,0.0,0.0
2015-08-31,0,0.0,,0.0,0.0
2015-09-01,0,0.0,,0.0,0.0
2015-09-02,0,0.0,,0.0,0.0
2015-09-03,0,0.0,,0.0,0.0
2015-09-04,0,0.0,,0.0,0.0
2015-09-05,0,0.0,,0.0,0.0
2015-09-06,0,0.0,False,0.0,0.0
2015-09-07,0,0.0,,0.0,0.0
2015-09-08,0,0.0,,0.0,0.0
2015-09-09,0,0.0,,0.0,0.0
2015-09-10,0,0.0,,0.0,0.0
2015-09-11,0,0.0,,0.0,0.0
2015-09-12,0,0.0,,0.0,0.0
2015-09-13,0,0.0,False,0.0,0.0
2015-09-14,0,0.0,,0.0,0.0
2015-09-15,0,0.0,,0.0,0.0
2015-09-16,0,0.0,,0.0,0.0
2015-09-17,0,0.0,,0.0,0.0
2015-09-18,0,0.0,,0.0,0.0
2015-09-19,0,0.0,,0.0,0.0
2015-09-20,0,1.0,False,0.01,0.0
2015-09-21,0,1.0,,0.01,0.0
2015-09-22,0,1.0,,0.01,0.0
2015-09-23,100,1.0,,0.01,1.0
2015-09-24,0,1.0,,0.01,0.0
2015-09-25,0,1.0,,0.01,0.0
2015-09-26,0,1.0,,0.01,0.0
2015-09-27,0,0.0,False,0.0,0.0
2015-09-28,0,0.0,,0.0,0.0
2015-09-29,0,0.0,,0.0,0.0
2015-09-30,0,0.0,,0.0,0.0
2015-10-01,0,0.0,,0.0,0.0
2015-10-02,0,0.0,,0.0,0.0
2015-10-03,0,0.0,,0.0,0.0
2015-10-04,0,0.0,False,0.0,0.0
2015-10-05,0,0.0,,0.0,0.0
2015-10-06,0,0.0,,0.0,0.0
2015-10-07,0,0.0,,0.0,0.0
2015-10-08,0,0.0,,0.0,0.0
2015-10-09,0,0.0,,0.0,0.0
2015-10-10,0,0.0,,0.0,0.0
2015-10-11,0,9.0,False,0.09,0.0
2015-10-12,0,9.0,,0.09,0.0
2015-10-13,0,9.0,,0.09,0.0
2015-10-14,0,9.0,,0.09,0.0
2015-10-15,0,9.0,,0.09,0.0
2015-10-16,46,9.0,,0.09,4.14
2015-10-17,100,9.0,,0.09,9.0
2015-10-18,0,12.0,False,0.12,0.0
2015-10-19,22,12.0,,0.12,2.6399999999999997
2015-10-20,21,12.0,,0.12,2.52
2015-10-21,61,12.0,,0.12,7.319999999999999
2015-10-22,21,12.0,,0.12,2.52
2015-10-23,0,12.0,,0.12,0.0
2015-10-24,0,12.0,,0.12,0.0
2015-10-25,25,7.0,False,0.07,1.7500000000000002
2015-10-26,20,7.0,,0.07,1.4000000000000001
2015-10-27,0,7.0,,0.07,0.0
2015-10-28,20,7.0,,0.07,1.4000000000000001
2015-10-29,21,7.0,,0.07,1.4700000000000002
2015-10-30,0,7.0,,0.07,0.0
2015-10-31,25,7.0,,0.07,1.7500000000000002
2015-11-01,53,15.0,False,0.15,7.949999999999999
2015-11-02,21,15.0,,0.15,3.15
2015-11-03,18,15.0,,0.15,2.6999999999999997
2015-11-04,17,15.0,,0.15,2.55
2015-11-05,0,15.0,,0.15,0.0
2015-11-06,19,15.0,,0.15,2.85
2015-11-07,100,15.0,,0.15,15.0
2015-11-08,21,18.0,False,0.18,3.78
2015-11-09,36,18.0,,0.18,6.4799999999999995
2015-11-10,17,18.0,,0.18,3.06
2015-11-11,35,18.0,,0.18,6.3
2015-11-12,71,18.0,,0.18,12.78
2015-11-13,56,18.0,,0.18,10.08
2015-11-14,20,18.0,,0.18,3.5999999999999996
2015-11-15,24,10.0,False,0.1,2.4000000000000004
2015-11-16,22,10.0,,0.1,2.2
2015-11-17,35,10.0,,0.1,3.5
2015-11-18,37,10.0,,0.1,3.7
2015-11-19,0,10.0,,0.1,0.0
2015-11-20,0,10.0,,0.1,0.0
2015-11-21,20,10.0,,0.1,2.0
2015-11-22,47,16.0,False,0.16,7.5200000000000005
2015-11-23,37,16.0,,0.16,5.92
2015-11-24,36,16.0,,0.16,5.76
2015-11-25,18,16.0,,0.16,2.88
2015-11-26,0,16.0,,0.16,0.0
2015-11-27,19,16.0,,0.16,3.04
2015-11-28,89,16.0,,0.16,14.24
2015-11-29,51,33.0,False,0.33,16.830000000000002
2015-11-30,37,33.0,,0.33,12.21
2015-12-01,16,33.0,,0.33,5.28
2015-12-02,39,33.0,,0.33,12.870000000000001
2015-12-03,24,33.0,,0.33,7.92
2015-12-04,44,33.0,,0.33,14.520000000000001
2015-12-05,38,33.0,,0.33,12.540000000000001
2015-12-06,23,32.0,False,0.32,7.36
2015-12-07,28,32.0,,0.32,8.96
2015-12-08,23,32.0,,0.32,7.36
2015-12-09,26,32.0,,0.32,8.32
2015-12-10,25,32.0,,0.32,8.0
2015-12-11,61,32.0,,0.32,19.52
2015-12-12,0,32.0,,0.32,0.0
2015-12-13,88,47.0,False,0.47,41.36
2015-12-14,9,47.0,,0.47,4.2299999999999995
2015-12-15,17,47.0,,0.47,7.989999999999999
2015-12-16,27,47.0,,0.47,12.69
2015-12-17,56,47.0,,0.47,26.32
2015-12-18,38,47.0,,0.47,17.86
2015-12-19,57,47.0,,0.47,26.79
2015-12-20,37,53.0,False,0.53,19.61
2015-12-21,29,53.0,,0.53,15.370000000000001
2015-12-22,59,53.0,,0.53,31.270000000000003
2015-12-23,64,53.0,,0.53,33.92
2015-12-24,37,53.0,,0.53,19.61
2015-12-25,63,53.0,,0.53,33.39
2015-12-26,25,53.0,,0.53,13.25
2015-12-27,100,100.0,False,1.0,100.0
2015-12-28,40,100.0,,1.0,40.0
2015-12-29,82,100.0,,1.0,82.0
2015-12-30,64,100.0,,1.0,64.0
2015-12-31,76,100.0,,1.0,76.0
2016-01-01,58,,,,
2016-01-02,100,,,,
2016-01-03,35,85.0,False,0.85,29.75
2016-01-04,22,85.0,,0.85,18.7
2016-01-05,27,85.0,,0.85,22.95
2016-01-06,41,85.0,,0.85,34.85
2016-01-07,83,85.0,,0.85,70.55
2016-01-08,68,85.0,,0.85,57.8
2016-01-09,31,85.0,,0.85,26.349999999999998
2016-01-10,27,76.0,False,0.76,20.52
2016-01-11,42,76.0,,0.76,31.92
2016-01-12,45,76.0,,0.76,34.2
2016-01-13,38,76.0,,0.76,28.88
2016-01-14,37,76.0,,0.76,28.12
2016-01-15,31,76.0,,0.76,23.56
2016-01-16,50,76.0,,0.76,38.0
2016-01-17,39,87.0,False,0.87,33.93
2016-01-18,45,87.0,,0.87,39.15
2016-01-19,42,87.0,,0.87,36.54
2016-01-20,66,87.0,,0.87,57.42
2016-01-21,49,87.0,,0.87,42.63
2016-01-22,36,87.0,,0.87,31.32
2016-01-23,39,87.0,,0.87,33.93
2016-01-24,73,100.0,False,1.0,73.0
2016-01-25,46,100.0,,1.0,46.0
2016-01-26,39,100.0,,1.0,39.0
2016-01-27,52,100.0,,1.0,52.0
2016-01-28,93,100.0,,1.0,93.0
2016-01-29,48,100.0,,1.0,48.0
2016-01-30,19,100.0,,1.0,19.0
2016-01-31,29,88.0,False,0.88,25.52
2016-02-01,57,88.0,,0.88,50.160000000000004
2016-02-02,100,88.0,,0.88,88.0
2016-02-03,47,88.0,,0.88,41.36
2016-02-04,32,88.0,,0.88,28.16
2016-02-05,65,88.0,,0.88,57.2
2016-02-06,62,88.0,,0.88,54.56
2016-02-07,39,58.0,False,0.58,22.619999999999997
2016-02-08,34,58.0,,0.58,19.72
2016-02-09,63,58.0,,0.58,36.54
2016-02-10,33,58.0,,0.58,19.139999999999997
2016-02-11,40,58.0,,0.58,23.2
2016-02-12,28,58.0,,0.58,16.24
2016-02-13,29,58.0,,0.58,16.82
2016-02-14,37,38.0,False,0.38,14.06
2016-02-15,20,38.0,,0.38,7.6
2016-02-16,31,38.0,,0.38,11.78
2016-02-17,14,38.0,,0.38,5.32
2016-02-18,35,38.0,,0.38,13.3
2016-02-19,8,38.0,,0.38,3.04
2016-02-20,24,38.0,,0.38,9.120000000000001
2016-02-21,16,34.0,False,0.34,5.44
2016-02-22,7,34.0,,0.34,2.3800000000000003
2016-02-23,32,34.0,,0.34,10.88
2016-02-24,12,34.0,,0.34,4.08
2016-02-25,32,34.0,,0.34,10.88
2016-02-26,36,34.0,,0.34,12.24
2016-02-27,15,34.0,,0.34,5.1000000000000005
2016-02-28,8,23.0,False,0.23,1.84
2016-02-29,19,23.0,,0.23,4.37
2016-03-01,100,23.0,,0.23,23.0
2016-03-02,33,23.0,,0.23,7.590000000000001
2016-03-03,51,23.0,,0.23,11.73
2016-03-04,19,23.0,,0.23,4.37
2016-03-05,19,23.0,,0.23,4.37
2016-03-06,20,21.0,False,0.21,4.2
2016-03-07,0,21.0,,0.21,0.0
2016-03-08,83,21.0,,0.21,17.43
2016-03-09,34,21.0,,0.21,7.14
2016-03-10,35,21.0,,0.21,7.35
2016-03-11,36,21.0,,0.21,7.56
2016-03-12,79,21.0,,0.21,16.59
2016-03-13,0,11.0,False,0.11,0.0
2016-03-14,0,11.0,,0.11,0.0
2016-03-15,35,11.0,,0.11,3.85
2016-03-16,52,11.0,,0.11,5.72
2016-03-17,17,11.0,,0.11,1.87
2016-03-18,19,11.0,,0.11,2.09
2016-03-19,22,11.0,,0.11,2.42
2016-03-20,0,14.0,False,0.14,0.0
2016-03-21,74,14.0,,0.14,10.360000000000001
2016-03-22,0,14.0,,0.14,0.0
2016-03-23,41,14.0,,0.14,5.74
2016-03-24,77,14.0,,0.14,10.780000000000001
2016-03-25,0,14.0,,0.14,0.0
2016-03-26,0,14.0,,0.14,0.0
2016-03-27,0,8.0,False,0.08,0.0
2016-03-28,36,8.0,,0.08,2.88
2016-03-29,33,8.0,,0.08,2.64
2016-03-30,17,8.0,,0.08,1.36
2016-03-31,0,8.0,,0.08,0.0
2016-04-01,25,8.0,,0.08,2.0
2016-04-02,0,8.0,,0.08,0.0
2016-04-03,28,11.0,False,0.11,3.08
2016-04-04,49,11.0,,0.11,5.39
2016-04-05,24,11.0,,0.11,2.64
2016-04-06,49,11.0,,0.11,5.39
2016-04-07,0,11.0,,0.11,0.0
2016-04-08,54,11.0,,0.11,5.94
2016-04-09,0,11.0,,0.11,0.0
2016-04-10,29,15.0,False,0.15,4.35
2016-04-11,25,15.0,,0.15,3.75
2016-04-12,48,15.0,,0.15,7.199999999999999
2016-04-13,23,15.0,,0.15,3.4499999999999997
2016-04-14,48,15.0,,0.15,7.199999999999999
2016-04-15,76,15.0,,0.15,11.4
2016-04-16,28,15.0,,0.15,4.2
2016-04-17,0,5.0,False,0.05,0.0
2016-04-18,24,5.0,,0.05,1.2000000000000002
2016-04-19,23,5.0,,0.05,1.1500000000000001
2016-04-20,23,5.0,,0.05,1.1500000000000001
2016-04-21,24,5.0,,0.05,1.2000000000000002
2016-04-22,0,5.0,,0.05,0.0
2016-04-23,0,5.0,,0.05,0.0
2016-04-24,60,12.0,False,0.12,7.199999999999999
2016-04-25,100,12.0,,0.12,12.0
2016-04-26,0,12.0,,0.12,0.0
2016-04-27,24,12.0,,0.12,2.88
2016-04-28,25,12.0,,0.12,3.0
2016-04-29,0,12.0,,0.12,0.0
2016-04-30,29,12.0,,0.12,3.48
2016-05-01,0,7.0,False,0.07,0.0
2016-05-02,50,7.0,,0.07,3.5000000000000004
2016-05-03,0,7.0,,0.07,0.0
2016-05-04,0,7.0,,0.07,0.0
2016-05-05,0,7.0,,0.07,0.0
2016-05-06,26,7.0,,0.07,1.8200000000000003
2016-05-07,29,7.0,,0.07,2.0300000000000002
2016-05-08,0,4.0,False,0.04,0.0
2016-05-09,0,4.0,,0.04,0.0
2016-05-10,25,4.0,,0.04,1.0
2016-05-11,0,4.0,,0.04,0.0
2016-05-12,24,4.0,,0.04,0.96
2016-05-13,0,4.0,,0.04,0.0
2016-05-14,28,4.0,,0.04,1.12
2016-05-15,0,11.0,False,0.11,0.0
2016-05-16,26,11.0,,0.11,2.86
2016-05-17,23,11.0,,0.11,2.53
2016-05-18,49,11.0,,0.11,5.39
2016-05-19,100,11.0,,0.11,11.0
2016-05-20,0,11.0,,0.11,0.0
2016-05-21,0,11.0,,0.11,0.0
2016-05-22,88,13.0,False,0.13,11.440000000000001
2016-05-23,26,13.0,,0.13,3.38
2016-05-24,24,13.0,,0.13,3.12
2016-05-25,25,13.0,,0.13,3.25
2016-05-26,25,13.0,,0.13,3.25
2016-05-27,54,13.0,,0.13,7.0200000000000005
2016-05-28,0,13.0,,0.13,0.0
2016-05-29,0,4.0,False,0.04,0.0
2016-05-30,30,4.0,,0.04,1.2
2016-05-31,25,4.0,,0.04,1.0
2016-06-01,28,4.0,,0.04,1.12
2016-06-02,27,4.0,,0.04,1.08
2016-06-03,0,4.0,,0.04,0.0
2016-06-04,0,4.0,,0.04,0.0
2016-06-05,38,7.0,False,0.07,2.66
2016-06-06,33,7.0,,0.07,2.31
2016-06-07,58,7.0,,0.07,4.0600000000000005
2016-06-08,0,7.0,,0.07,0.0
2016-06-09,0,7.0,,0.07,0.0
2016-06-10,30,7.0,,0.07,2.1
2016-06-11,34,7.0,,0.07,2.3800000000000003
2016-06-12,38,3.0,False,0.03,1.14
2016-06-13,0,3.0,,0.03,0.0
2016-06-14,29,3.0,,0.03,0.87
2016-06-15,0,3.0,,0.03,0.0
2016-06-16,0,3.0,,0.03,0.0
2016-06-17,0,3.0,,0.03,0.0
2016-06-18,0,3.0,,0.03,0.0
2016-06-19,41,7.0,False,0.07,2.87
2016-06-20,0,7.0,,0.07,0.0
2016-06-21,0,7.0,,0.07,0.0
2016-06-22,32,7.0,,0.07,2.24
2016-06-23,100,7.0,,0.07,7.000000000000001
2016-06-24,0,7.0,,0.07,0.0
2016-06-25,0,7.0,,0.07,0.0
2016-06-26,43,3.0,False,0.03,1.29
2016-06-27,0,3.0,,0.03,0.0
2016-06-28,34,3.0,,0.03,1.02
2016-06-29,0,3.0,,0.03,0.0
2016-06-30,0,3.0,,0.03,0.0
2016-07-01,0,3.0,,0.03,0.0
2016-07-02,0,3.0,,0.03,0.0
2016-07-03,66,7.0,False,0.07,4.62
2016-07-04,63,7.0,,0.07,4.41
2016-07-05,0,7.0,,0.07,0.0
2016-07-06,45,7.0,,0.07,3.1500000000000004
2016-07-07,45,7.0,,0.07,3.1500000000000004
2016-07-08,0,7.0,,0.07,0.0
2016-07-09,0,7.0,,0.07,0.0
2016-07-10,0,12.0,False,0.12,0.0
2016-07-11,91,12.0,,0.12,10.92
2016-07-12,43,12.0,,0.12,5.16
2016-07-13,43,12.0,,0.12,5.16
2016-07-14,83,12.0,,0.12,9.959999999999999
2016-07-15,0,12.0,,0.12,0.0
2016-07-16,100,12.0,,0.12,12.0
2016-07-17,55,11.0,False,0.11,6.05
2016-07-18,44,11.0,,0.11,4.84
2016-07-19,0,11.0,,0.11,0.0
2016-07-20,93,11.0,,0.11,10.23
2016-07-21,44,11.0,,0.11,4.84
2016-07-22,46,11.0,,0.11,5.06
2016-07-23,53,11.0,,0.11,5.83
2016-07-24,56,8.0,False,0.08,4.48
2016-07-25,92,8.0,,0.08,7.36
2016-07-26,43,8.0,,0.08,3.44
2016-07-27,0,8.0,,0.08,0.0
2016-07-28,42,8.0,,0.08,3.36
2016-07-29,0,8.0,,0.08,0.0
2016-07-30,0,8.0,,0.08,0.0
2016-07-31,0,2.0,False,0.02,0.0
2016-08-01,46,2.0,,0.02,0.92
2016-08-02,0,2.0,,0.02,0.0
2016-08-03,0,2.0,,0.02,0.0
2016-08-04,0,2.0,,0.02,0.0
2016-08-05,0,2.0,,0.02,0.0
2016-08-06,0,2.0,,0.02,0.0
2016-08-07,0,8.0,False,0.08,0.0
2016-08-08,47,8.0,,0.08,3.7600000000000002
2016-08-09,0,8.0,,0.08,0.0
2016-08-10,0,8.0,,0.08,0.0
2016-08-11,46,8.0,,0.08,3.68
2016-08-12,100,8.0,,0.08,8.0
2016-08-13,59,8.0,,0.08,4.72
2016-08-14,0,2.0,False,0.02,0.0
2016-08-15,0,2.0,,0.02,0.0
2016-08-16,0,2.0,,0.02,0.0
2016-08-17,0,2.0,,0.02,0.0
2016-08-18,0,2.0,,0.02,0.0
2016-08-19,49,2.0,,0.02,0.98
2016-08-20,0,2.0,,0.02,0.0
2016-08-21,59,3.0,False,0.03,1.77
2016-08-22,0,3.0,,0.03,0.0
2016-08-23,0,3.0,,0.03,0.0
2016-08-24,44,3.0,,0.03,1.3199999999999998
2016-08-25,0,3.0,,0.03,0.0
2016-08-26,0,3.0,,0.03,0.0
2016-08-27,0,3.0,,0.03,0.0
2016-08-28,0,1.0,False,0.01,0.0
2016-08-29,42,1.0,,0.01,0.42
2016-08-30,0,1.0,,0.01,0.0
2016-08-31,0,1.0,,0.01,0.0
2016-09-01,0,1.0,,0.01,0.0
2016-09-02,0,1.0,,0.01,0.0
2016-09-03,0,1.0,,0.01,0.0
2016-09-04,0,3.0,False,0.03,0.0
2016-09-05,0,3.0,,0.03,0.0
2016-09-06,79,3.0,,0.03,2.37
2016-09-07,0,3.0,,0.03,0.0
2016-09-08,0,3.0,,0.03,0.0
2016-09-09,0,3.0,,0.03,0.0
2016-09-10,100,3.0,,0.03,3.0
2016-09-11,0,3.0,False,0.03,0.0
2016-09-12,80,3.0,,0.03,2.4
2016-09-13,0,3.0,,0.03,0.0
2016-09-14,0,3.0,,0.03,0.0
2016-09-15,0,3.0,,0.03,0.0
2016-09-16,87,3.0,,0.03,2.61
2016-09-17,0,3.0,,0.03,0.0
2016-09-18,0,6.0,False,0.06,0.0
2016-09-19,0,6.0,,0.06,0.0
2016-09-20,80,6.0,,0.06,4.8
2016-09-21,0,6.0,,0.06,0.0
2016-09-22,82,6.0,,0.06,4.92
2016-09-23,86,6.0,,0.06,5.16
2016-09-24,97,6.0,,0.06,5.819999999999999
2016-09-25,0,1.0,False,0.01,0.0
2016-09-26,0,1.0,,0.01,0.0
2016-09-27,0,1.0,,0.01,0.0
2016-09-28,0,1.0,,0.01,0.0
2016-09-29,80,1.0,,0.01,0.8
2016-09-30,0,1.0,,0.01,0.0
2016-10-01,0,1.0,,0.01,0.0
2016-10-02,86,1.0,False,0.01,0.86
2016-10-03,0,1.0,,0.01,0.0
2016-10-04,0,1.0,,0.01,0.0
2016-10-05,0,1.0,,0.01,0.0
2016-10-06,0,1.0,,0.01,0.0
2016-10-07,0,1.0,,0.01,0.0
2016-10-08,0,1.0,,0.01,0.0
2016-10-09,100,3.0,False,0.03,3.0
2016-10-10,0,3.0,,0.03,0.0
2016-10-11,0,3.0,,0.03,0.0
2016-10-12,0,3.0,,0.03,0.0
2016-10-13,0,3.0,,0.03,0.0
2016-10-14,0,3.0,,0.03,0.0
2016-10-15,94,3.0,,0.03,2.82
2016-10-16,0,2.0,False,0.02,0.0
2016-10-17,95,2.0,,0.02,1.9000000000000001
2016-10-18,0,2.0,,0.02,0.0
2016-10-19,0,2.0,,0.02,0.0
2016-10-20,0,2.0,,0.02,0.0
2016-10-21,0,2.0,,0.02,0.0
2016-10-22,0,2.0,,0.02,0.0
2016-10-23,0,1.0,False,0.01,0.0
2016-10-24,0,1.0,,0.01,0.0
2016-10-25,72,1.0,,0.01,0.72
2016-10-26,0,1.0,,0.01,0.0
2016-10-27,0,1.0,,0.01,0.0
2016-10-28,0,1.0,,0.01,0.0
2016-10-29,0,1.0,,0.01,0.0
2016-10-30,95,9.0,False,0.09,8.549999999999999
2016-10-31,0,9.0,,0.09,0.0
2016-11-01,83,9.0,,0.09,7.47
2016-11-02,79,9.0,,0.09,7.109999999999999
2016-11-03,0,9.0,,0.09,0.0
2016-11-04,43,9.0,,0.09,3.8699999999999997
2016-11-05,0,9.0,,0.09,0.0
2016-11-06,0,0.0,False,0.0,0.0
2016-11-07,0,0.0,,0.0,0.0
2016-11-08,0,0.0,,0.0,0.0
2016-11-09,0,0.0,,0.0,0.0
2016-11-10,0,0.0,,0.0,0.0
2016-11-11,0,0.0,,0.0,0.0
2016-11-12,0,0.0,,0.0,0.0
2016-11-13,0,5.0,False,0.05,0.0
2016-11-14,100,5.0,,0.05,5.0
2016-11-15,43,5.0,,0.05,2.15
2016-11-16,0,5.0,,0.05,0.0
2016-11-17,0,5.0,,0.05,0.0
2016-11-18,0,5.0,,0.05,0.0
2016-11-19,0,5.0,,0.05,0.0
2016-11-20,0,0.0,False,0.0,0.0
2016-11-21,0,0.0,,0.0,0.0
2016-11-22,0,0.0,,0.0,0.0
2016-11-23,0,0.0,,0.0,0.0
2016-11-24,0,0.0,,0.0,0.0
2016-11-25,0,0.0,,0.0,0.0
2016-11-26,0,0.0,,0.0,0.0
2016-11-27,0,2.0,False,0.02,0.0
2016-11-28,0,2.0,,0.02,0.0
2016-11-29,0,2.0,,0.02,0.0
2016-11-30,0,2.0,,0.02,0.0
2016-12-01,0,2.0,,0.02,0.0
2016-12-02,0,2.0,,0.02,0.0
2016-12-03,100,2.0,,0.02,2.0
2016-12-04,0,4.0,False,0.04,0.0
2016-12-05,82,4.0,,0.04,3.2800000000000002
2016-12-06,0,4.0,,0.04,0.0
2016-12-07,0,4.0,,0.04,0.0
2016-12-08,0,4.0,,0.04,0.0
2016-12-09,97,4.0,,0.04,3.88
2016-12-10,0,4.0,,0.04,0.0
2016-12-11,0,0.0,False,0.0,0.0
2016-12-12,0,0.0,,0.0,0.0
2016-12-13,0,0.0,,0.0,0.0
2016-12-14,0,0.0,,0.0,0.0
2016-12-15,0,0.0,,0.0,0.0
2016-12-16,0,0.0,,0.0,0.0
2016-12-17,0,0.0,,0.0,0.0
2016-12-18,0,0.0,False,0.0,0.0
2016-12-19,0,0.0,,0.0,0.0
2016-12-20,0,0.0,,0.0,0.0
2016-12-21,0,0.0,,0.0,0.0
2016-12-22,0,0.0,,0.0,0.0
2016-12-23,0,0.0,,0.0,0.0
2016-12-24,0,0.0,,0.0,0.0
2016-12-25,0,0.0,False,0.0,0.0
2016-12-26,0,0.0,,0.0,0.0
2016-12-27,0,0.0,,0.0,0.0
2016-12-28,0,0.0,,0.0,0.0
2016-12-29,0,0.0,,0.0,0.0
2016-12-30,0,0.0,,0.0,0.0
2016-12-31,0,0.0,,0.0,0.0
2017-01-01,0,0.0,False,0.0,0.0
2017-01-02,0,0.0,,0.0,0.0
2017-01-03,0,0.0,,0.0,0.0
2017-01-04,0,0.0,,0.0,0.0
2017-01-05,0,0.0,,0.0,0.0
2017-01-06,0,0.0,,0.0,0.0
2017-01-07,0,0.0,,0.0,0.0
2017-01-08,0,48.0,False,0.48,0.0
2017-01-09,0,48.0,,0.48,0.0
2017-01-10,0,48.0,,0.48,0.0
2017-01-11,0,48.0,,0.48,0.0
2017-01-12,0,48.0,,0.48,0.0
2017-01-13,100,48.0,,0.48,48.0
2017-01-14,0,48.0,,0.48,0.0
2017-01-15,0,0.0,False,0.0,0.0
2017-01-16,0,0.0,,0.0,0.0
2017-01-17,0,0.0,,0.0,0.0
2017-01-18,0,0.0,,0.0,0.0
2017-01-19,0,0.0,,0.0,0.0
2017-01-20,0,0.0,,0.0,0.0
2017-01-21,0,0.0,,0.0,0.0
2017-01-22,0,0.0,False,0.0,0.0
2017-01-23,0,0.0,,0.0,0.0
2017-01-24,0,0.0,,0.0,0.0
2017-01-25,0,0.0,,0.0,0.0
2017-01-26,0,0.0,,0.0,0.0
2017-01-27,0,0.0,,0.0,0.0
2017-01-28,0,0.0,,0.0,0.0
2017-01-29,0,0.0,False,0.0,0.0
2017-01-30,0,0.0,,0.0,0.0
2017-01-31,0,0.0,,0.0,0.0
2017-02-01,0,0.0,,0.0,0.0
2017-02-02,0,0.0,,0.0,0.0
2017-02-03,0,0.0,,0.0,0.0
2017-02-04,0,0.0,,0.0,0.0
2017-02-05,0,0.0,False,0.0,0.0
2017-02-06,0,0.0,,0.0,0.0
2017-02-07,0,0.0,,0.0,0.0
2017-02-08,0,0.0,,0.0,0.0
2017-02-09,0,0.0,,0.0,0.0
2017-02-10,0,0.0,,0.0,0.0
2017-02-11,0,0.0,,0.0,0.0
2017-02-12,100,68.0,False,0.68,68.0
2017-02-13,79,68.0,,0.68,53.720000000000006
2017-02-14,0,68.0,,0.68,0.0
2017-02-15,0,68.0,,0.68,0.0
2017-02-16,0,68.0,,0.68,0.0
2017-02-17,0,68.0,,0.68,0.0
2017-02-18,0,68.0,,0.68,0.0
2017-02-19,93,67.0,False,0.67,62.31
2017-02-20,77,67.0,,0.67,51.59
2017-02-21,0,67.0,,0.67,0.0
2017-02-22,0,67.0,,0.67,0.0
2017-02-23,0,67.0,,0.67,0.0
2017-02-24,0,67.0,,0.67,0.0
2017-02-25,0,67.0,,0.67,0.0
2017-02-26,93,100.0,False,1.0,93.0
2017-02-27,0,100.0,,1.0,0.0
2017-02-28,0,100.0,,1.0,0.0
2017-03-01,0,100.0,,1.0,0.0
2017-03-02,33,100.0,,1.0,33.0
2017-03-03,37,100.0,,1.0,37.0
2017-03-04,0,100.0,,1.0,0.0
2017-03-05,0,0.0,False,0.0,0.0
2017-03-06,0,0.0,,0.0,0.0
2017-03-07,0,0.0,,0.0,0.0
2017-03-08,0,0.0,,0.0,0.0
2017-03-09,0,0.0,,0.0,0.0
2017-03-10,0,0.0,,0.0,0.0
2017-03-11,0,0.0,,0.0,0.0
2017-03-12,0,100.0,False,1.0,0.0
2017-03-13,0,100.0,,1.0,0.0
2017-03-14,0,100.0,,1.0,0.0
2017-03-15,100,100.0,,1.0,100.0
2017-03-16,0,100.0,,1.0,0.0
2017-03-17,0,100.0,,1.0,0.0
2017-03-18,0,100.0,,1.0,0.0
2017-03-19,0,71.0,False,0.71,0.0
2017-03-20,0,71.0,,0.71,0.0
2017-03-21,0,71.0,,0.71,0.0
2017-03-22,33,71.0,,0.71,23.43
2017-03-23,35,71.0,,0.71,24.849999999999998
2017-03-24,0,71.0,,0.71,0.0
2017-03-25,0,71.0,,0.71,0.0
2017-03-26,0,36.0,False,0.36,0.0
2017-03-27,0,36.0,,0.36,0.0
2017-03-28,0,36.0,,0.36,0.0
2017-03-29,0,36.0,,0.36,0.0
2017-03-30,0,36.0,,0.36,0.0
2017-03-31,38,36.0,,0.36,13.68
2017-04-01,0,36.0,,0.36,0.0
2017-04-02,0,0.0,False,0.0,0.0
2017-04-03,0,0.0,,0.0,0.0
2017-04-04,0,0.0,,0.0,0.0
2017-04-05,0,0.0,,0.0,0.0
2017-04-06,0,0.0,,0.0,0.0
2017-04-07,0,0.0,,0.0,0.0
2017-04-08,0,0.0,,0.0,0.0
2017-04-09,0,0.0,False,0.0,0.0
2017-04-10,0,0.0,,0.0,0.0
2017-04-11,0,0.0,,0.0,0.0
2017-04-12,0,0.0,,0.0,0.0
2017-04-13,0,0.0,,0.0,0.0
2017-04-14,0,0.0,,0.0,0.0
2017-04-15,0,0.0,,0.0,0.0
2017-04-16,0,75.0,False,0.75,0.0
2017-04-17,0,75.0,,0.75,0.0
2017-04-18,0,75.0,,0.75,0.0
2017-04-19,0,75.0,,0.75,0.0
2017-04-20,87,75.0,,0.75,65.25
2017-04-21,95,75.0,,0.75,71.25
2017-04-22,0,75.0,,0.75,0.0
2017-04-23,100,73.0,False,0.73,73.0
2017-04-24,0,73.0,,0.73,0.0
2017-04-25,0,73.0,,0.73,0.0
2017-04-26,83,73.0,,0.73,60.589999999999996
2017-04-27,0,73.0,,0.73,0.0
2017-04-28,0,73.0,,0.73,0.0
2017-04-29,0,73.0,,0.73,0.0
2017-04-30,0,40.0,False,0.4,0.0
2017-05-01,0,40.0,,0.4,0.0
2017-05-02,89,40.0,,0.4,35.6
2017-05-03,0,40.0,,0.4,0.0
2017-05-04,0,40.0,,0.4,0.0
2017-05-05,0,40.0,,0.4,0.0
2017-05-06,0,40.0,,0.4,0.0
2017-05-07,0,79.0,False,0.79,0.0
2017-05-08,0,79.0,,0.79,0.0
2017-05-09,0,79.0,,0.79,0.0
2017-05-10,92,79.0,,0.79,72.68
2017-05-11,0,79.0,,0.79,0.0
2017-05-12,100,79.0,,0.79,79.0
2017-05-13,0,79.0,,0.79,0.0
2017-05-14,0,0.0,False,0.0,0.0
2017-05-15,0,0.0,,0.0,0.0
2017-05-16,0,0.0,,0.0,0.0
2017-05-17,0,0.0,,0.0,0.0
2017-05-18,0,0.0,,0.0,0.0
2017-05-19,0,0.0,,0.0,0.0
2017-05-20,0,0.0,,0.0,0.0
2017-05-21,0,0.0,False,0.0,0.0
2017-05-22,0,0.0,,0.0,0.0
2017-05-23,0,0.0,,0.0,0.0
2017-05-24,0,0.0,,0.0,0.0
2017-05-25,0,0.0,,0.0,0.0
2017-05-26,0,0.0,,0.0,0.0
2017-05-27,0,0.0,,0.0,0.0
2017-05-28,0,0.0,False,0.0,0.0
2017-05-29,0,0.0,,0.0,0.0
2017-05-30,0,0.0,,0.0,0.0
2017-05-31,0,0.0,,0.0,0.0
2017-06-01,0,0.0,,0.0,0.0
2017-06-02,0,0.0,,0.0,0.0
2017-06-03,0,0.0,,0.0,0.0
2017-06-04,0,0.0,False,0.0,0.0
2017-06-05,0,0.0,,0.0,0.0
2017-06-06,0,0.0,,0.0,0.0
2017-06-07,0,0.0,,0.0,0.0
2017-06-08,0,0.0,,0.0,0.0
2017-06-09,0,0.0,,0.0,0.0
2017-06-10,0,0.0,,0.0,0.0
2017-06-11,0,0.0,False,0.0,0.0
2017-06-12,0,0.0,,0.0,0.0
2017-06-13,0,0.0,,0.0,0.0
2017-06-14,0,0.0,,0.0,0.0
2017-06-15,0,0.0,,0.0,0.0
2017-06-16,0,0.0,,0.0,0.0
2017-06-17,0,0.0,,0.0,0.0
2017-06-18,0,47.0,False,0.47,0.0
2017-06-19,0,47.0,,0.47,0.0
2017-06-20,100,47.0,,0.47,47.0
2017-06-21,0,47.0,,0.47,0.0
2017-06-22,0,47.0,,0.47,0.0
2017-06-23,0,47.0,,0.47,0.0
2017-06-24,0,47.0,,0.47,0.0
2017-06-25,0,0.0,False,0.0,0.0
2017-06-26,0,0.0,,0.0,0.0
2017-06-27,0,0.0,,0.0,0.0
2017-06-28,0,0.0,,0.0,0.0
2017-06-29,0,0.0,,0.0,0.0
2017-06-30,0,0.0,,0.0,0.0
2017-07-01,0,0.0,,0.0,0.0
2017-07-02,0,49.0,False,0.49,0.0
2017-07-03,100,49.0,,0.49,49.0
2017-07-04,0,49.0,,0.49,0.0
2017-07-05,0,49.0,,0.49,0.0
2017-07-06,0,49.0,,0.49,0.0
2017-07-07,0,49.0,,0.49,0.0
2017-07-08,0,49.0,,0.49,0.0
2017-07-09,0,44.0,False,0.44,0.0
2017-07-10,0,44.0,,0.44,0.0
2017-07-11,0,44.0,,0.44,0.0
2017-07-12,67,44.0,,0.44,29.48
2017-07-13,0,44.0,,0.44,0.0
2017-07-14,0,44.0,,0.44,0.0
2017-07-15,0,44.0,,0.44,0.0
2017-07-16,0,0.0,False,0.0,0.0
2017-07-17,0,0.0,,0.0,0.0
2017-07-18,0,0.0,,0.0,0.0
2017-07-19,0,0.0,,0.0,0.0
2017-07-20,0,0.0,,0.0,0.0
2017-07-21,0,0.0,,0.0,0.0
2017-07-22,0,0.0,,0.0,0.0
2017-07-23,0,0.0,False,0.0,0.0
2017-07-24,0,0.0,,0.0,0.0
2017-07-25,0,0.0,,0.0,0.0
2017-07-26,0,0.0,,0.0,0.0
2017-07-27,0,0.0,,0.0,0.0
2017-07-28,0,0.0,,0.0,0.0
2017-07-29,0,0.0,,0.0,0.0
2017-07-30,0,40.0,False,0.4,0.0
2017-07-31,0,40.0,,0.4,0.0
2017-08-01,0,40.0,,0.4,0.0
2017-08-02,87,40.0,,0.4,34.800000000000004
2017-08-03,0,40.0,,0.4,0.0
2017-08-04,0,40.0,,0.4,0.0
2017-08-05,0,40.0,,0.4,0.0
2017-08-06,0,0.0,False,0.0,0.0
2017-08-07,0,0.0,,0.0,0.0
2017-08-08,0,0.0,,0.0,0.0
2017-08-09,0,0.0,,0.0,0.0
2017-08-10,0,0.0,,0.0,0.0
2017-08-11,0,0.0,,0.0,0.0
2017-08-12,0,0.0,,0.0,0.0
2017-08-13,0,36.0,False,0.36,0.0
2017-08-14,0,36.0,,0.36,0.0
2017-08-15,0,36.0,,0.36,0.0
2017-08-16,83,36.0,,0.36,29.88
2017-08-17,0,36.0,,0.36,0.0
2017-08-18,0,36.0,,0.36,0.0
2017-08-19,0,36.0,,0.36,0.0
2017-08-20,0,37.0,False,0.37,0.0
2017-08-21,0,37.0,,0.37,0.0
2017-08-22,0,37.0,,0.37,0.0
2017-08-23,0,37.0,,0.37,0.0
2017-08-24,0,37.0,,0.37,0.0
2017-08-25,0,37.0,,0.37,0.0
2017-08-26,100,37.0,,0.37,37.0
2017-08-27,0,0.0,False,0.0,0.0
2017-08-28,0,0.0,,0.0,0.0
2017-08-29,0,0.0,,0.0,0.0
2017-08-30,0,0.0,,0.0,0.0
2017-08-31,0,0.0,,0.0,0.0
2017-09-01,0,0.0,,0.0,0.0
2017-09-02,0,0.0,,0.0,0.0
2017-09-03,0,0.0,False,0.0,0.0
2017-09-04,0,0.0,,0.0,0.0
2017-09-05,0,0.0,,0.0,0.0
2017-09-06,0,0.0,,0.0,0.0
2017-09-07,0,0.0,,0.0,0.0
2017-09-08,0,0.0,,0.0,0.0
2017-09-09,0,0.0,,0.0,0.0
2017-09-10,0,74.0,False,0.74,0.0
2017-09-11,100,74.0,,0.74,74.0
2017-09-12,0,74.0,,0.74,0.0
2017-09-13,0,74.0,,0.74,0.0
2017-09-14,99,74.0,,0.74,73.26
2017-09-15,0,74.0,,0.74,0.0
2017-09-16,0,74.0,,0.74,0.0
2017-09-17,0,0.0,False,0.0,0.0
2017-09-18,0,0.0,,0.0,0.0
2017-09-19,0,0.0,,0.0,0.0
2017-09-20,0,0.0,,0.0,0.0
2017-09-21,0,0.0,,0.0,0.0
2017-09-22,0,0.0,,0.0,0.0
2017-09-23,0,0.0,,0.0,0.0
2017-09-24,0,36.0,False,0.36,0.0
2017-09-25,0,36.0,,0.36,0.0
2017-09-26,0,36.0,,0.36,0.0
2017-09-27,94,36.0,,0.36,33.839999999999996
2017-09-28,0,36.0,,0.36,0.0
2017-09-29,0,36.0,,0.36,0.0
2017-09-30,0,36.0,,0.36,0.0
2017-10-01,99,74.0,False,0.74,73.26
2017-10-02,0,74.0,,0.74,0.0
2017-10-03,0,74.0,,0.74,0.0
2017-10-04,0,74.0,,0.74,0.0
2017-10-05,0,74.0,,0.74,0.0
2017-10-06,0,74.0,,0.74,0.0
2017-10-07,100,74.0,,0.74,74.0
2017-10-08,0,0.0,False,0.0,0.0
2017-10-09,0,0.0,,0.0,0.0
2017-10-10,0,0.0,,0.0,0.0
2017-10-11,0,0.0,,0.0,0.0
2017-10-12,0,0.0,,0.0,0.0
2017-10-13,0,0.0,,0.0,0.0
2017-10-14,0,0.0,,0.0,0.0
2017-10-15,0,38.0,False,0.38,0.0
2017-10-16,0,38.0,,0.38,0.0
2017-10-17,0,38.0,,0.38,0.0
2017-10-18,0,38.0,,0.38,0.0
2017-10-19,75,38.0,,0.38,28.5
2017-10-20,0,38.0,,0.38,0.0
2017-10-21,0,38.0,,0.38,0.0
2017-10-22,0,0.0,False,0.0,0.0
2017-10-23,0,0.0,,0.0,0.0
2017-10-24,0,0.0,,0.0,0.0
2017-10-25,0,0.0,,0.0,0.0
2017-10-26,0,0.0,,0.0,0.0
2017-10-27,0,0.0,,0.0,0.0
2017-10-28,0,0.0,,0.0,0.0
2017-10-29,0,0.0,False,0.0,0.0
2017-10-30,0,0.0,,0.0,0.0
2017-10-31,0,0.0,,0.0,0.0
2017-11-01,0,0.0,,0.0,0.0
2017-11-02,0,0.0,,0.0,0.0
2017-11-03,0,0.0,,0.0,0.0
2017-11-04,0,0.0,,0.0,0.0
2017-11-05,0,72.0,False,0.72,0.0
2017-11-06,0,72.0,,0.72,0.0
2017-11-07,90,72.0,,0.72,64.8
2017-11-08,0,72.0,,0.72,0.0
2017-11-09,89,72.0,,0.72,64.08
2017-11-10,0,72.0,,0.72,0.0
2017-11-11,0,72.0,,0.72,0.0
2017-11-12,0,70.0,False,0.7,0.0
2017-11-13,0,70.0,,0.7,0.0
2017-11-14,91,70.0,,0.7,63.699999999999996
2017-11-15,0,70.0,,0.7,0.0
2017-11-16,0,70.0,,0.7,0.0
2017-11-17,0,70.0,,0.7,0.0
2017-11-18,100,70.0,,0.7,70.0
2017-11-19,0,0.0,False,0.0,0.0
2017-11-20,0,0.0,,0.0,0.0
2017-11-21,0,0.0,,0.0,0.0
2017-11-22,0,0.0,,0.0,0.0
2017-11-23,0,0.0,,0.0,0.0
2017-11-24,0,0.0,,0.0,0.0
2017-11-25,0,0.0,,0.0,0.0
2017-11-26,0,36.0,False,0.36,0.0
2017-11-27,0,36.0,,0.36,0.0
2017-11-28,0,36.0,,0.36,0.0
2017-11-29,0,36.0,,0.36,0.0
2017-11-30,94,36.0,,0.36,33.839999999999996
2017-12-01,0,36.0,,0.36,0.0
2017-12-02,0,36.0,,0.36,0.0
2017-12-03,0,40.0,False,0.4,0.0
2017-12-04,0,40.0,,0.4,0.0
2017-12-05,0,40.0,,0.4,0.0
2017-12-06,0,40.0,,0.4,0.0
2017-12-07,0,40.0,,0.4,0.0
2017-12-08,0,40.0,,0.4,0.0
2017-12-09,76,40.0,,0.4,30.400000000000002
2017-12-10,0,0.0,False,0.0,0.0
2017-12-11,0,0.0,,0.0,0.0
2017-12-12,0,0.0,,0.0,0.0
2017-12-13,0,0.0,,0.0,0.0
2017-12-14,0,0.0,,0.0,0.0
2017-12-15,0,0.0,,0.0,0.0
2017-12-16,0,0.0,,0.0,0.0
2017-12-17,87,89.0,False,0.89,77.43
2017-12-18,70,89.0,,0.89,62.300000000000004
2017-12-19,0,89.0,,0.89,0.0
2017-12-20,0,89.0,,0.89,0.0
2017-12-21,0,89.0,,0.89,0.0
2017-12-22,0,89.0,,0.89,0.0
2017-12-23,0,89.0,,0.89,0.0
2017-12-24,100,50.0,False,0.5,50.0
2017-12-25,0,50.0,,0.5,0.0
2017-12-26,0,50.0,,0.5,0.0
2017-12-27,0,50.0,,0.5,0.0
2017-12-28,73,50.0,,0.5,36.5
2017-12-29,0,50.0,,0.5,0.0
2017-12-30,0,50.0,,0.5,0.0
2017-12-31,0,97.0,False,0.97,0.0
2018-01-01,0,,,,
2018-01-02,79,,,,
2018-01-03,0,,,,
2018-01-04,0,,,,
2018-01-05,78,,,,
2018-01-06,0,,,,
2018-01-07,100,55.0,False,0.55,55.00000000000001
2018-01-08,0,55.0,,0.55,0.0
2018-01-09,0,55.0,,0.55,0.0
2018-01-10,0,55.0,,0.55,0.0
2018-01-11,0,55.0,,0.55,0.0
2018-01-12,0,55.0,,0.55,0.0
2018-01-13,80,55.0,,0.55,44.0
2018-01-14,91,100.0,False,1.0,91.0
2018-01-15,0,100.0,,1.0,0.0
2018-01-16,68,100.0,,1.0,68.0
2018-01-17,68,100.0,,1.0,68.0
2018-01-18,67,100.0,,1.0,67.0
2018-01-19,0,100.0,,1.0,0.0
2018-01-20,0,100.0,,1.0,0.0
2018-01-21,89,49.0,False,0.49,43.61
2018-01-22,0,49.0,,0.49,0.0
2018-01-23,0,49.0,,0.49,0.0
2018-01-24,0,49.0,,0.49,0.0
2018-01-25,0,49.0,,0.49,0.0
2018-01-26,0,49.0,,0.49,0.0
2018-01-27,75,49.0,,0.49,36.75
2018-01-28,0,0.0,False,0.0,0.0
2018-01-29,0,0.0,,0.0,0.0
2018-01-30,0,0.0,,0.0,0.0
2018-01-31,0,0.0,,0.0,0.0
2018-02-01,0,0.0,,0.0,0.0
2018-02-02,0,0.0,,0.0,0.0
2018-02-03,0,0.0,,0.0,0.0
2018-02-04,0,43.0,False,0.43,0.0
2018-02-05,0,43.0,,0.43,0.0
2018-02-06,0,43.0,,0.43,0.0
2018-02-07,100,43.0,,0.43,43.0
2018-02-08,0,43.0,,0.43,0.0
2018-02-09,0,43.0,,0.43,0.0
2018-02-10,0,43.0,,0.43,0.0
2018-02-11,0,21.0,False,0.21,0.0
2018-02-12,0,21.0,,0.21,0.0
2018-02-13,49,21.0,,0.21,10.29
2018-02-14,0,21.0,,0.21,0.0
2018-02-15,0,21.0,,0.21,0.0
2018-02-16,0,21.0,,0.21,0.0
2018-02-17,0,21.0,,0.21,0.0
2018-02-18,0,20.0,False,0.2,0.0
2018-02-19,0,20.0,,0.2,0.0
2018-02-20,0,20.0,,0.2,0.0
2018-02-21,0,20.0,,0.2,0.0
2018-02-22,48,20.0,,0.2,9.600000000000001
2018-02-23,0,20.0,,0.2,0.0
2018-02-24,0,20.0,,0.2,0.0
2018-02-25,0,0.0,False,0.0,0.0
2018-02-26,0,0.0,,0.0,0.0
2018-02-27,0,0.0,,0.0,0.0
2018-02-28,0,0.0,,0.0,0.0
2018-03-01,0,0.0,,0.0,0.0
2018-03-02,0,0.0,,0.0,0.0
2018-03-03,0,0.0,,0.0,0.0
2018-03-04,0,0.0,False,0.0,0.0
2018-03-05,0,0.0,,0.0,0.0
2018-03-06,0,0.0,,0.0,0.0
2018-03-07,0,0.0,,0.0,0.0
2018-03-08,0,0.0,,0.0,0.0
2018-03-09,0,0.0,,0.0,0.0
2018-03-10,0,0.0,,0.0,0.0
2018-03-11,0,38.0,False,0.38,0.0
2018-03-12,0,38.0,,0.38,0.0
2018-03-13,0,38.0,,0.38,0.0
2018-03-14,100,38.0,,0.38,38.0
2018-03-15,0,38.0,,0.38,0.0
2018-03-16,0,38.0,,0.38,0.0
2018-03-17,0,38.0,,0.38,0.0
2018-03-18,0,20.0,False,0.2,0.0
2018-03-19,0,20.0,,0.2,0.0
2018-03-20,0,20.0,,0.2,0.0
2018-03-21,0,20.0,,0.2,0.0
2018-03-22,0,20.0,,0.2,0.0
2018-03-23,56,20.0,,0.2,11.200000000000001
2018-03-24,0,20.0,,0.2,0.0
2018-03-25,0,24.0,False,0.24,0.0
2018-03-26,0,24.0,,0.24,0.0
2018-03-27,0,24.0,,0.24,0.0
2018-03-28,62,24.0,,0.24,14.879999999999999
2018-03-29,0,24.0,,0.24,0.0
2018-03-30,0,24.0,,0.24,0.0
2018-03-31,0,24.0,,0.24,0.0
2018-04-01,0,0.0,False,0.0,0.0
2018-04-02,0,0.0,,0.0,0.0
2018-04-03,0,0.0,,0.0,0.0
2018-04-04,0,0.0,,0.0,0.0
2018-04-05,0,0.0,,0.0,0.0
2018-04-06,0,0.0,,0.0,0.0
2018-04-07,0,0.0,,0.0,0.0
2018-04-08,0,0.0,False,0.0,0.0
2018-04-09,0,0.0,,0.0,0.0
2018-04-10,0,0.0,,0.0,0.0
2018-04-11,0,0.0,,0.0,0.0
2018-04-12,0,0.0,,0.0,0.0
2018-04-13,0,0.0,,0.0,0.0
2018-04-14,0,0.0,,0.0,0.0
2018-04-15,0,19.0,False,0.19,0.0
2018-04-16,0,19.0,,0.19,0.0
2018-04-17,0,19.0,,0.19,0.0
2018-04-18,0,19.0,,0.19,0.0
2018-04-19,100,19.0,,0.19,19.0
2018-04-20,0,19.0,,0.19,0.0
2018-04-21,0,19.0,,0.19,0.0
2018-04-22,0,19.0,False,0.19,0.0
2018-04-23,0,19.0,,0.19,0.0
2018-04-24,97,19.0,,0.19,18.43
2018-04-25,0,19.0,,0.19,0.0
2018-04-26,0,19.0,,0.19,0.0
2018-04-27,0,19.0,,0.19,0.0
2018-04-28,0,19.0,,0.19,0.0
2018-04-29,0,0.0,False,0.0,0.0
2018-04-30,0,0.0,,0.0,0.0
2018-05-01,0,0.0,,0.0,0.0
2018-05-02,0,0.0,,0.0,0.0
2018-05-03,0,0.0,,0.0,0.0
2018-05-04,0,0.0,,0.0,0.0
2018-05-05,0,0.0,,0.0,0.0
2018-05-06,0,0.0,False,0.0,0.0
2018-05-07,0,0.0,,0.0,0.0
2018-05-08,0,0.0,,0.0,0.0
2018-05-09,0,0.0,,0.0,0.0
2018-05-10,0,0.0,,0.0,0.0
2018-05-11,0,0.0,,0.0,0.0
2018-05-12,0,0.0,,0.0,0.0
2018-05-13,0,0.0,False,0.0,0.0
2018-05-14,0,0.0,,0.0,0.0
2018-05-15,0,0.0,,0.0,0.0
2018-05-16,0,0.0,,0.0,0.0
2018-05-17,0,0.0,,0.0,0.0
2018-05-18,0,0.0,,0.0,0.0
2018-05-19,0,0.0,,0.0,0.0
2018-05-20,0,0.0,False,0.0,0.0
2018-05-21,0,0.0,,0.0,0.0
2018-05-22,0,0.0,,0.0,0.0
2018-05-23,0,0.0,,0.0,0.0
2018-05-24,0,0.0,,0.0,0.0
2018-05-25,0,0.0,,0.0,0.0
2018-05-26,0,0.0,,0.0,0.0
2018-05-27,100,19.0,False,0.19,19.0
2018-05-28,0,19.0,,0.19,0.0
2018-05-29,0,19.0,,0.19,0.0
2018-05-30,0,19.0,,0.19,0.0
2018-05-31,0,19.0,,0.19,0.0
2018-06-01,0,19.0,,0.19,0.0
2018-06-02,0,19.0,,0.19,0.0
2018-06-03,0,0.0,False,0.0,0.0
2018-06-04,0,0.0,,0.0,0.0
2018-06-05,0,0.0,,0.0,0.0
2018-06-06,0,0.0,,0.0,0.0
2018-06-07,0,0.0,,0.0,0.0
2018-06-08,0,0.0,,0.0,0.0
2018-06-09,0,0.0,,0.0,0.0
2018-06-10,0,0.0,False,0.0,0.0
2018-06-11,0,0.0,,0.0,0.0
2018-06-12,0,0.0,,0.0,0.0
2018-06-13,0,0.0,,0.0,0.0
2018-06-14,0,0.0,,0.0,0.0
2018-06-15,0,0.0,,0.0,0.0
2018-06-16,0,0.0,,0.0,0.0
2018-06-17,0,21.0,False,0.21,0.0
2018-06-18,98,21.0,,0.21,20.58
2018-06-19,0,21.0,,0.21,0.0
2018-06-20,0,21.0,,0.21,0.0
2018-06-21,0,21.0,,0.21,0.0
2018-06-22,0,21.0,,0.21,0.0
2018-06-23,0,21.0,,0.21,0.0
2018-06-24,0,44.0,False,0.44,0.0
2018-06-25,0,44.0,,0.44,0.0
2018-06-26,100,44.0,,0.44,44.0
2018-06-27,0,44.0,,0.44,0.0
2018-06-28,98,44.0,,0.44,43.12
2018-06-29,0,44.0,,0.44,0.0
2018-06-30,0,44.0,,0.44,0.0
2018-07-01,0,70.0,False,0.7,0.0
2018-07-02,100,70.0,,0.7,70.0
2018-07-03,0,70.0,,0.7,0.0
2018-07-04,79,70.0,,0.7,55.3
2018-07-05,77,70.0,,0.7,53.9
2018-07-06,0,70.0,,0.7,0.0
2018-07-07,0,70.0,,0.7,0.0
2018-07-08,0,0.0,False,0.0,0.0
2018-07-09,0,0.0,,0.0,0.0
2018-07-10,0,0.0,,0.0,0.0
2018-07-11,0,0.0,,0.0,0.0
2018-07-12,0,0.0,,0.0,0.0
2018-07-13,0,0.0,,0.0,0.0
2018-07-14,0,0.0,,0.0,0.0
2018-07-15,0,46.0,False,0.46,0.0
2018-07-16,0,46.0,,0.46,0.0
2018-07-17,72,46.0,,0.46,33.120000000000005
2018-07-18,0,46.0,,0.46,0.0
2018-07-19,0,46.0,,0.46,0.0
2018-07-20,94,46.0,,0.46,43.24
2018-07-21,0,46.0,,0.46,0.0
2018-07-22,0,0.0,False,0.0,0.0
2018-07-23,0,0.0,,0.0,0.0
2018-07-24,0,0.0,,0.0,0.0
2018-07-25,0,0.0,,0.0,0.0
2018-07-26,0,0.0,,0.0,0.0
2018-07-27,0,0.0,,0.0,0.0
2018-07-28,0,0.0,,0.0,0.0
2018-07-29,0,21.0,False,0.21,0.0
2018-07-30,0,21.0,,0.21,0.0
2018-07-31,70,21.0,,0.21,14.7
2018-08-01,0,21.0,,0.21,0.0
2018-08-02,0,21.0,,0.21,0.0
2018-08-03,0,21.0,,0.21,0.0
2018-08-04,0,21.0,,0.21,0.0
2018-08-05,0,43.0,False,0.43,0.0
2018-08-06,0,43.0,,0.43,0.0
2018-08-07,0,43.0,,0.43,0.0
2018-08-08,100,43.0,,0.43,43.0
2018-08-09,98,43.0,,0.43,42.14
2018-08-10,0,43.0,,0.43,0.0
2018-08-11,0,43.0,,0.43,0.0
2018-08-12,0,21.0,False,0.21,0.0
2018-08-13,0,21.0,,0.21,0.0
2018-08-14,0,21.0,,0.21,0.0
2018-08-15,96,21.0,,0.21,20.16
2018-08-16,0,21.0,,0.21,0.0
2018-08-17,0,21.0,,0.21,0.0
2018-08-18,0,21.0,,0.21,0.0
2018-08-19,0,0.0,False,0.0,0.0
2018-08-20,0,0.0,,0.0,0.0
2018-08-21,0,0.0,,0.0,0.0
2018-08-22,0,0.0,,0.0,0.0
2018-08-23,0,0.0,,0.0,0.0
2018-08-24,0,0.0,,0.0,0.0
2018-08-25,0,0.0,,0.0,0.0
2018-08-26,0,0.0,False,0.0,0.0
2018-08-27,0,0.0,,0.0,0.0
2018-08-28,0,0.0,,0.0,0.0
2018-08-29,0,0.0,,0.0,0.0
2018-08-30,0,0.0,,0.0,0.0
2018-08-31,0,0.0,,0.0,0.0
2018-09-01,0,0.0,,0.0,0.0
2018-09-02,0,0.0,False,0.0,0.0
2018-09-03,0,0.0,,0.0,0.0
2018-09-04,0,0.0,,0.0,0.0
2018-09-05,0,0.0,,0.0,0.0
2018-09-06,0,0.0,,0.0,0.0
2018-09-07,0,0.0,,0.0,0.0
2018-09-08,0,0.0,,0.0,0.0
2018-09-09,61,20.0,False,0.2,12.200000000000001
2018-09-10,0,20.0,,0.2,0.0
2018-09-11,0,20.0,,0.2,0.0
2018-09-12,0,20.0,,0.2,0.0
2018-09-13,0,20.0,,0.2,0.0
2018-09-14,0,20.0,,0.2,0.0
2018-09-15,0,20.0,,0.2,0.0
2018-09-16,0,42.0,False,0.42,0.0
2018-09-17,100,42.0,,0.42,42.0
2018-09-18,0,42.0,,0.42,0.0
2018-09-19,0,42.0,,0.42,0.0
2018-09-20,0,42.0,,0.42,0.0
2018-09-21,0,42.0,,0.42,0.0
2018-09-22,0,42.0,,0.42,0.0
2018-09-23,0,0.0,False,0.0,0.0
2018-09-24,0,0.0,,0.0,0.0
2018-09-25,0,0.0,,0.0,0.0
2018-09-26,0,0.0,,0.0,0.0
2018-09-27,0,0.0,,0.0,0.0
2018-09-28,0,0.0,,0.0,0.0
2018-09-29,0,0.0,,0.0,0.0
2018-09-30,0,21.0,False,0.21,0.0
2018-10-01,0,21.0,,0.21,0.0
2018-10-02,100,21.0,,0.21,21.0
2018-10-03,0,21.0,,0.21,0.0
2018-10-04,0,21.0,,0.21,0.0
2018-10-05,0,21.0,,0.21,0.0
2018-10-06,0,21.0,,0.21,0.0
2018-10-07,0,0.0,False,0.0,0.0
2018-10-08,0,0.0,,0.0,0.0
2018-10-09,0,0.0,,0.0,0.0
2018-10-10,0,0.0,,0.0,0.0
2018-10-11,0,0.0,,0.0,0.0
2018-10-12,0,0.0,,0.0,0.0
2018-10-13,0,0.0,,0.0,0.0
2018-10-14,0,0.0,False,0.0,0.0
2018-10-15,0,0.0,,0.0,0.0
2018-10-16,0,0.0,,0.0,0.0
2018-10-17,0,0.0,,0.0,0.0
2018-10-18,0,0.0,,0.0,0.0
2018-10-19,0,0.0,,0.0,0.0
2018-10-20,0,0.0,,0.0,0.0
2018-10-21,0,0.0,False,0.0,0.0
2018-10-22,0,0.0,,0.0,0.0
2018-10-23,0,0.0,,0.0,0.0
2018-10-24,0,0.0,,0.0,0.0
2018-10-25,0,0.0,,0.0,0.0
2018-10-26,0,0.0,,0.0,0.0
2018-10-27,0,0.0,,0.0,0.0
2018-10-28,0,0.0,False,0.0,0.0
2018-10-29,0,0.0,,0.0,0.0
2018-10-30,0,0.0,,0.0,0.0
2018-10-31,0,0.0,,0.0,0.0
2018-11-01,0,0.0,,0.0,0.0
2018-11-02,0,0.0,,0.0,0.0
2018-11-03,0,0.0,,0.0,0.0
2018-11-04,0,0.0,False,0.0,0.0
2018-11-05,0,0.0,,0.0,0.0
2018-11-06,0,0.0,,0.0,0.0
2018-11-07,0,0.0,,0.0,0.0
2018-11-08,0,0.0,,0.0,0.0
2018-11-09,0,0.0,,0.0,0.0
2018-11-10,0,0.0,,0.0,0.0
2018-11-11,0,0.0,False,0.0,0.0
2018-11-12,0,0.0,,0.0,0.0
2018-11-13,0,0.0,,0.0,0.0
2018-11-14,0,0.0,,0.0,0.0
2018-11-15,0,0.0,,0.0,0.0
2018-11-16,0,0.0,,0.0,0.0
2018-11-17,0,0.0,,0.0,0.0
2018-11-18,0,24.0,False,0.24,0.0
2018-11-19,0,24.0,,0.24,0.0
2018-11-20,0,24.0,,0.24,0.0
2018-11-21,94,24.0,,0.24,22.56
2018-11-22,0,24.0,,0.24,0.0
2018-11-23,0,24.0,,0.24,0.0
2018-11-24,0,24.0,,0.24,0.0
2018-11-25,0,26.0,False,0.26,0.0
2018-11-26,0,26.0,,0.26,0.0
2018-11-27,0,26.0,,0.26,0.0
2018-11-28,0,26.0,,0.26,0.0
2018-11-29,100,26.0,,0.26,26.0
2018-11-30,0,26.0,,0.26,0.0
2018-12-01,0,26.0,,0.26,0.0
2018-12-02,0,28.0,False,0.28,0.0
2018-12-03,0,28.0,,0.28,0.0
2018-12-04,0,28.0,,0.28,0.0
2018-12-05,0,28.0,,0.28,0.0
2018-12-06,0,28.0,,0.28,0.0
2018-12-07,79,28.0,,0.28,22.12
2018-12-08,0,28.0,,0.28,0.0
2018-12-09,0,28.0,False,0.28,0.0
2018-12-10,0,28.0,,0.28,0.0
2018-12-11,0,28.0,,0.28,0.0
2018-12-12,72,28.0,,0.28,20.160000000000004
2018-12-13,0,28.0,,0.28,0.0
2018-12-14,0,28.0,,0.28,0.0
2018-12-15,0,28.0,,0.28,0.0
2018-12-16,100,59.0,False,0.59,59.0
2018-12-17,72,59.0,,0.59,42.48
2018-12-18,0,59.0,,0.59,0.0
2018-12-19,0,59.0,,0.59,0.0
2018-12-20,0,59.0,,0.59,0.0
2018-12-21,0,59.0,,0.59,0.0
2018-12-22,0,59.0,,0.59,0.0
2018-12-23,0,0.0,False,0.0,0.0
2018-12-24,0,0.0,,0.0,0.0
2018-12-25,0,0.0,,0.0,0.0
2018-12-26,0,0.0,,0.0,0.0
2018-12-27,0,0.0,,0.0,0.0
2018-12-28,0,0.0,,0.0,0.0
2018-12-29,0,0.0,,0.0,0.0
2018-12-30,0,0.0,False,0.0,0.0
2018-12-31,0,0.0,,0.0,0.0
2019-02-01,0,,,,
2019-02-02,0,,,,
2019-02-03,0,0.0,False,0.0,0.0
2019-02-04,0,0.0,,0.0,0.0
2019-02-05,0,0.0,,0.0,0.0
2019-02-06,0,0.0,,0.0,0.0
2019-02-07,0,0.0,,0.0,0.0
2019-02-08,0,0.0,,0.0,0.0
2019-02-09,0,0.0,,0.0,0.0
2019-02-10,0,0.0,False,0.0,0.0
2019-02-11,0,0.0,,0.0,0.0
2019-02-12,0,0.0,,0.0,0.0
2019-02-13,0,0.0,,0.0,0.0
2019-02-14,0,0.0,,0.0,0.0
2019-02-15,0,0.0,,0.0,0.0
2019-02-16,0,0.0,,0.0,0.0
2019-02-17,0,93.0,False,0.93,0.0
2019-02-18,0,93.0,,0.93,0.0
2019-02-19,0,93.0,,0.93,0.0
2019-02-20,100,93.0,,0.93,93.0
2019-02-21,0,93.0,,0.93,0.0
2019-02-22,0,93.0,,0.93,0.0
2019-02-23,62,93.0,,0.93,57.660000000000004
2019-02-24,0,0.0,False,0.0,0.0
2019-02-25,0,0.0,,0.0,0.0
2019-02-26,0,0.0,,0.0,0.0
2019-02-27,0,0.0,,0.0,0.0
2019-02-28,0,0.0,,0.0,0.0
2019-03-01,0,0.0,,0.0,0.0
2019-03-02,0,0.0,,0.0,0.0
2019-03-03,0,31.0,False,0.31,0.0
2019-03-04,0,31.0,,0.31,0.0
2019-03-05,0,31.0,,0.31,0.0
2019-03-06,0,31.0,,0.31,0.0
2019-03-07,0,31.0,,0.31,0.0
2019-03-08,0,31.0,,0.31,0.0
2019-03-09,93,31.0,,0.31,28.83
2019-03-10,0,0.0,False,0.0,0.0
2019-03-11,0,0.0,,0.0,0.0
2019-03-12,0,0.0,,0.0,0.0
2019-03-13,0,0.0,,0.0,0.0
2019-03-14,0,0.0,,0.0,0.0
2019-03-15,0,0.0,,0.0,0.0
2019-03-16,0,0.0,,0.0,0.0
2019-03-17,0,32.0,False,0.32,0.0
2019-03-18,0,32.0,,0.32,0.0
2019-03-19,0,32.0,,0.32,0.0
2019-03-20,0,32.0,,0.32,0.0
2019-03-21,0,32.0,,0.32,0.0
2019-03-22,85,32.0,,0.32,27.2
2019-03-23,0,32.0,,0.32,0.0
2019-03-24,100,66.0,False,0.66,66.0
2019-03-25,0,66.0,,0.66,0.0
2019-03-26,0,66.0,,0.66,0.0
2019-03-27,0,66.0,,0.66,0.0
2019-03-28,80,66.0,,0.66,52.800000000000004
2019-03-29,0,66.0,,0.66,0.0
2019-03-30,0,66.0,,0.66,0.0
2019-03-31,0,100.0,False,1.0,0.0
2019-04-01,93,100.0,,1.0,93.0
2019-04-02,91,100.0,,1.0,91.0
2019-04-03,0,100.0,,1.0,0.0
2019-04-04,0,100.0,,1.0,0.0
2019-04-05,100,100.0,,1.0,100.0
2019-04-06,0,100.0,,1.0,0.0
2019-04-07,0,34.0,False,0.34,0.0
2019-04-08,0,34.0,,0.34,0.0
2019-04-09,90,34.0,,0.34,30.6
2019-04-10,0,34.0,,0.34,0.0
2019-04-11,0,34.0,,0.34,0.0
2019-04-12,0,34.0,,0.34,0.0
2019-04-13,0,34.0,,0.34,0.0
2019-04-14,0,0.0,False,0.0,0.0
2019-04-15,0,0.0,,0.0,0.0
2019-04-16,0,0.0,,0.0,0.0
2019-04-17,0,0.0,,0.0,0.0
2019-04-18,0,0.0,,0.0,0.0
2019-04-19,0,0.0,,0.0,0.0
2019-04-20,0,0.0,,0.0,0.0
2019-04-21,0,0.0,False,0.0,0.0
2019-04-22,0,0.0,,0.0,0.0
2019-04-23,0,0.0,,0.0,0.0
2019-04-24,0,0.0,,0.0,0.0
2019-04-25,0,0.0,,0.0,0.0
2019-04-26,0,0.0,,0.0,0.0
2019-04-27,0,0.0,,0.0,0.0
2019-04-28,0,0.0,False,0.0,0.0
2019-04-29,0,0.0,,0.0,0.0
2019-04-30,0,0.0,,0.0,0.0
2019-05-01,0,0.0,,0.0,0.0
2019-05-02,0,0.0,,0.0,0.0
2019-05-03,0,0.0,,0.0,0.0
2019-05-04,0,0.0,,0.0,0.0
2019-05-05,0,0.0,False,0.0,0.0
2019-05-06,0,0.0,,0.0,0.0
2019-05-07,0,0.0,,0.0,0.0
2019-05-08,0,0.0,,0.0,0.0
2019-05-09,0,0.0,,0.0,0.0
2019-05-10,0,0.0,,0.0,0.0
2019-05-11,0,0.0,,0.0,0.0
2019-05-12,0,0.0,False,0.0,0.0
2019-05-13,0,0.0,,0.0,0.0
2019-05-14,0,0.0,,0.0,0.0
2019-05-15,0,0.0,,0.0,0.0
2019-05-16,0,0.0,,0.0,0.0
2019-05-17,0,0.0,,0.0,0.0
2019-05-18,0,0.0,,0.0,0.0
2019-05-19,0,32.0,False,0.32,0.0
2019-05-20,0,32.0,,0.32,0.0
2019-05-21,0,32.0,,0.32,0.0
2019-05-22,100,32.0,,0.32,32.0
2019-05-23,0,32.0,,0.32,0.0
2019-05-24,0,32.0,,0.32,0.0
2019-05-25,0,32.0,,0.32,0.0
2019-05-26,0,31.0,False,0.31,0.0
2019-05-27,0,31.0,,0.31,0.0
2019-05-28,0,31.0,,0.31,0.0
2019-05-29,90,31.0,,0.31,27.9
2019-05-30,0,31.0,,0.31,0.0
2019-05-31,0,31.0,,0.31,0.0
2019-06-01,0,31.0,,0.31,0.0
2019-06-02,0,0.0,False,0.0,0.0
2019-06-03,0,0.0,,0.0,0.0
2019-06-04,0,0.0,,0.0,0.0
2019-06-05,0,0.0,,0.0,0.0
2019-06-06,83,0.0,,0.0,0.0
2019-06-07,0,0.0,,0.0,0.0
2019-06-08,0,0.0,,0.0,0.0
2019-06-09,100,30.0,False,0.3,30.0
2019-06-10,0,30.0,,0.3,0.0
2019-06-11,0,30.0,,0.3,0.0
2019-06-12,0,30.0,,0.3,0.0
2019-06-13,0,30.0,,0.3,0.0
2019-06-14,0,30.0,,0.3,0.0
2019-06-15,0,30.0,,0.3,0.0
2019-06-16,0,0.0,False,0.0,0.0
2019-06-17,0,0.0,,0.0,0.0
2019-06-18,0,0.0,,0.0,0.0
2019-06-19,0,0.0,,0.0,0.0
2019-06-20,0,0.0,,0.0,0.0
2019-06-21,0,0.0,,0.0,0.0
2019-06-22,0,0.0,,0.0,0.0
2019-06-23,0,0.0,False,0.0,0.0
2019-06-24,0,0.0,,0.0,0.0
2019-06-25,0,0.0,,0.0,0.0
2019-06-26,0,0.0,,0.0,0.0
2019-06-27,0,0.0,,0.0,0.0
2019-06-28,0,0.0,,0.0,0.0
2019-06-29,0,0.0,,0.0,0.0
2019-06-30,0,0.0,False,0.0,0.0
2019-07-01,0,0.0,,0.0,0.0
2019-07-02,0,0.0,,0.0,0.0
2019-07-03,0,0.0,,0.0,0.0
2019-07-04,0,0.0,,0.0,0.0
2019-07-05,0,0.0,,0.0,0.0
2019-07-06,0,0.0,,0.0,0.0
2019-07-07,0,0.0,False,0.0,0.0
2019-07-08,0,0.0,,0.0,0.0
2019-07-09,0,0.0,,0.0,0.0
2019-07-10,0,0.0,,0.0,0.0
2019-07-11,0,0.0,,0.0,0.0
2019-07-12,0,0.0,,0.0,0.0
2019-07-13,0,0.0,,0.0,0.0
2019-07-14,0,0.0,False,0.0,0.0
2019-07-15,0,0.0,,0.0,0.0
2019-07-16,0,0.0,,0.0,0.0
2019-07-17,0,0.0,,0.0,0.0
2019-07-18,0,0.0,,0.0,0.0
2019-07-19,0,0.0,,0.0,0.0
2019-07-20,0,0.0,,0.0,0.0
2019-07-21,0,31.0,False,0.31,0.0
2019-07-22,0,31.0,,0.31,0.0
2019-07-23,0,31.0,,0.31,0.0
2019-07-24,0,31.0,,0.31,0.0
2019-07-25,0,31.0,,0.31,0.0
2019-07-26,100,31.0,,0.31,31.0
2019-07-27,0,31.0,,0.31,0.0
2019-07-28,0,0.0,False,0.0,0.0
2019-07-29,0,0.0,,0.0,0.0
2019-07-30,0,0.0,,0.0,0.0
2019-07-31,0,0.0,,0.0,0.0
2019-08-01,0,0.0,,0.0,0.0
2019-08-02,0,0.0,,0.0,0.0
2019-08-03,0,0.0,,0.0,0.0
2019-08-04,0,32.0,False,0.32,0.0
2019-08-05,0,32.0,,0.32,0.0
2019-08-06,0,32.0,,0.32,0.0
2019-08-07,100,32.0,,0.32,32.0
2019-08-08,0,32.0,,0.32,0.0
2019-08-09,0,32.0,,0.32,0.0
2019-08-10,0,32.0,,0.32,0.0
2019-08-11,0,0.0,False,0.0,0.0
2019-08-12,0,0.0,,0.0,0.0
2019-08-13,0,0.0,,0.0,0.0
2019-08-14,0,0.0,,0.0,0.0
2019-08-15,0,0.0,,0.0,0.0
2019-08-16,0,0.0,,0.0,0.0
2019-08-17,0,0.0,,0.0,0.0
2019-08-18,0,0.0,False,0.0,0.0
2019-08-19,0,0.0,,0.0,0.0
2019-08-20,0,0.0,,0.0,0.0
2019-08-21,0,0.0,,0.0,0.0
2019-08-22,0,0.0,,0.0,0.0
2019-08-23,0,0.0,,0.0,0.0
2019-08-24,0,0.0,,0.0,0.0
2019-08-25,0,0.0,False,0.0,0.0
2019-08-26,0,0.0,,0.0,0.0
2019-08-27,0,0.0,,0.0,0.0
2019-08-28,0,0.0,,0.0,0.0
2019-08-29,0,0.0,,0.0,0.0
2019-08-30,0,0.0,,0.0,0.0
2019-08-31,0,0.0,,0.0,0.0
2019-09-01,0,0.0,False,0.0,0.0
2019-09-02,0,0.0,,0.0,0.0
2019-09-03,0,0.0,,0.0,0.0
2019-09-04,0,0.0,,0.0,0.0
2019-09-05,0,0.0,,0.0,0.0
2019-09-06,0,0.0,,0.0,0.0
2019-09-07,0,0.0,,0.0,0.0
2019-09-08,0,0.0,False,0.0,0.0
2019-09-09,0,0.0,,0.0,0.0
2019-09-10,0,0.0,,0.0,0.0
2019-09-11,0,0.0,,0.0,0.0
2019-09-12,0,0.0,,0.0,0.0
2019-09-13,0,0.0,,0.0,0.0
2019-09-14,0,0.0,,0.0,0.0
2019-09-15,0,60.0,False,0.6,0.0
2019-09-16,99,60.0,,0.6,59.4
2019-09-17,0,60.0,,0.6,0.0
2019-09-18,0,60.0,,0.6,0.0
2019-09-19,100,60.0,,0.6,60.0
2019-09-20,0,60.0,,0.6,0.0
2019-09-21,0,60.0,,0.6,0.0
2019-09-22,0,0.0,False,0.0,0.0
2019-09-23,0,0.0,,0.0,0.0
2019-09-24,0,0.0,,0.0,0.0
2019-09-25,0,0.0,,0.0,0.0
2019-09-26,0,0.0,,0.0,0.0
2019-09-27,0,0.0,,0.0,0.0
2019-09-28,0,0.0,,0.0,0.0
2019-09-29,0,0.0,False,0.0,0.0
2019-09-30,0,0.0,,0.0,0.0
2019-10-01,0,0.0,,0.0,0.0
2019-10-02,0,0.0,,0.0,0.0
2019-10-03,0,0.0,,0.0,0.0
2019-10-04,0,0.0,,0.0,0.0
2019-10-05,0,0.0,,0.0,0.0
2019-10-06,0,31.0,False,0.31,0.0
2019-10-07,0,31.0,,0.31,0.0
2019-10-08,0,31.0,,0.31,0.0
2019-10-09,0,31.0,,0.31,0.0
2019-10-10,0,31.0,,0.31,0.0
2019-10-11,100,31.0,,0.31,31.0
2019-10-12,0,31.0,,0.31,0.0
2019-10-13,0,30.0,False,0.3,0.0
2019-10-14,0,30.0,,0.3,0.0
2019-10-15,0,30.0,,0.3,0.0
2019-10-16,92,30.0,,0.3,27.599999999999998
2019-10-17,0,30.0,,0.3,0.0
2019-10-18,0,30.0,,0.3,0.0
2019-10-19,0,30.0,,0.3,0.0
2019-10-20,0,55.0,False,0.55,0.0
2019-10-21,0,55.0,,0.55,0.0
2019-10-22,85,55.0,,0.55,46.75000000000001
2019-10-23,88,55.0,,0.55,48.400000000000006
2019-10-24,0,55.0,,0.55,0.0
2019-10-25,0,55.0,,0.55,0.0
2019-10-26,0,55.0,,0.55,0.0
2019-10-27,0,0.0,False,0.0,0.0
2019-10-28,0,0.0,,0.0,0.0
2019-10-29,0,0.0,,0.0,0.0
2019-10-30,0,0.0,,0.0,0.0
2019-10-31,0,0.0,,0.0,0.0
2019-11-01,0,0.0,,0.0,0.0
2019-11-02,0,0.0,,0.0,0.0
2019-11-03,0,29.0,False,0.29,0.0
2019-11-04,0,29.0,,0.29,0.0
2019-11-05,0,29.0,,0.29,0.0
2019-11-06,90,29.0,,0.29,26.099999999999998
2019-11-07,0,29.0,,0.29,0.0
2019-11-08,0,29.0,,0.29,0.0
2019-11-09,0,29.0,,0.29,0.0
2019-11-10,0,0.0,False,0.0,0.0
2019-11-11,0,0.0,,0.0,0.0
2019-11-12,0,0.0,,0.0,0.0
2019-11-13,0,0.0,,0.0,0.0
2019-11-14,0,0.0,,0.0,0.0
2019-11-15,0,0.0,,0.0,0.0
2019-11-16,0,0.0,,0.0,0.0
2019-11-17,0,0.0,False,0.0,0.0
2019-11-18,0,0.0,,0.0,0.0
2019-11-19,0,0.0,,0.0,0.0
2019-11-20,0,0.0,,0.0,0.0
2019-11-21,0,0.0,,0.0,0.0
2019-11-22,0,0.0,,0.0,0.0
2019-11-23,0,0.0,,0.0,0.0
2019-11-24,0,30.0,False,0.3,0.0
2019-11-25,0,30.0,,0.3,0.0
2019-11-26,0,30.0,,0.3,0.0
2019-11-27,0,30.0,,0.3,0.0
2019-11-28,100,30.0,,0.3,30.0
2019-11-29,0,30.0,,0.3,0.0
2019-11-30,0,30.0,,0.3,0.0
2019-12-01,0,0.0,False,0.0,0.0
2019-12-02,0,0.0,,0.0,0.0
2019-12-03,0,0.0,,0.0,0.0
2019-12-04,0,0.0,,0.0,0.0
2019-12-05,0,0.0,,0.0,0.0
2019-12-06,0,0.0,,0.0,0.0
2019-12-07,0,0.0,,0.0,0.0
2019-12-08,55,33.0,False,0.33,18.150000000000002
2019-12-09,0,33.0,,0.33,0.0
2019-12-10,0,33.0,,0.33,0.0
2019-12-11,0,33.0,,0.33,0.0
2019-12-12,0,33.0,,0.33,0.0
2019-12-13,0,33.0,,0.33,0.0
2019-12-14,0,33.0,,0.33,0.0
2019-12-15,0,32.0,False,0.32,0.0
2019-12-16,0,32.0,,0.32,0.0
2019-12-17,0,32.0,,0.32,0.0
2019-12-18,0,32.0,,0.32,0.0
2019-12-19,0,32.0,,0.32,0.0
2019-12-20,0,32.0,,0.32,0.0
2019-12-21,46,32.0,,0.32,14.72
2019-12-22,100,74.0,False,0.74,74.0
2019-12-23,0,74.0,,0.74,0.0
2019-12-24,0,74.0,,0.74,0.0
2019-12-25,0,74.0,,0.74,0.0
2019-12-26,0,74.0,,0.74,0.0
2019-12-27,0,74.0,,0.74,0.0
2019-12-28,0,74.0,,0.74,0.0
2019-12-29,0,37.0,False,0.37,0.0
2019-12-30,0,37.0,,0.37,0.0
2019-12-31,0,37.0,,0.37,0.0
